{"assets/images/app_logo.png":["assets/images/app_logo.png"],"assets/images/cancel.png":["assets/images/cancel.png"],"assets/images/google.png":["assets/images/google.png"],"assets/images/history.png":["assets/images/history.png"],"assets/images/home.png":["assets/images/home.png"],"assets/images/nav_settings.png":["assets/images/nav_settings.png"],"assets/images/tab.png":["assets/images/tab.png"],"packages/cupertino_icons/assets/CupertinoIcons.ttf":["packages/cupertino_icons/assets/CupertinoIcons.ttf"],"packages/flutter_inappwebview/assets/t_rex_runner/t-rex.css":["packages/flutter_inappwebview/assets/t_rex_runner/t-rex.css"],"packages/flutter_inappwebview/assets/t_rex_runner/t-rex.html":["packages/flutter_inappwebview/assets/t_rex_runner/t-rex.html"]}